Date,Mood
2025-03-16,Happy

2025-03-16,Happy
2025-03-16,Happy
2025-03-16,Happy
2025-03-16,Sad
2025-03-16,Angry
2025-03-16,Stressed
2025-03-16,Stressed
2025-03-16,Anxious
2025-03-16,Excited
2025-03-16,Content
2025-03-16,Happy
2025-03-16,Happy
2025-03-16,Happy
2025-03-16,Happy
2025-03-16,Happy
2025-03-16,Happy
2025-03-16,Happy
2025-03-16,Happy
2025-03-16,Happy
2025-03-16,Happy
2025-03-16,Happy
2025-03-16,Happy
2025-03-16,Happy
2025-03-16,Happy
2025-03-16,Happy
2025-03-16,Happy
2025-03-16,Happy
2025-03-16,Happy
2025-03-16,Happy
2025-03-16,Happy
2025-03-16,Sad
2025-03-16,Content
2025-03-16,Content
2025-03-16,Content
2025-03-16,Content
2025-03-16,Content
2025-03-16,Content
2025-03-16,Content
2025-03-16,Content
2025-03-16,Content
2025-03-16,Content
2025-03-16,Content
2025-03-16,Content
2025-03-16,Content
2025-03-16,Content
2025-03-16,Content
2025-03-16,Content
2025-03-16,Content
2025-03-16,Content
2025-03-16,Content
2025-03-16,Content
2025-03-16,Content
2025-03-16,Content
2025-03-16,Content
2025-03-16,Content
2025-03-16,Content
2025-03-16,Content
2025-03-16,Content
2025-03-16,Sad
2025-03-16,Sad
2025-03-16,Sad
2025-03-16,Sad
2025-03-16,Sad
2025-03-16,Sad
2025-03-16,Sad
2025-03-16,Sad
2025-03-16,Sad
2025-03-16,Sad
2025-03-16,Sad
2025-03-16,Sad
2025-03-16,Sad
2025-03-16,Sad
2025-03-16,Sad
2025-03-16,Sad
2025-03-16,Sad
2025-03-16,Sad
2025-03-16,Sad
2025-03-16,Sad
2025-03-16,Sad
2025-03-16,Sad
2025-03-16,Sad
2025-03-16,Sad
2025-03-16,Sad
2025-03-16,Sad
2025-03-16,Sad
2025-03-16,Sad
2025-03-16,Sad
2025-03-16,Sad
2025-03-16,Sad
2025-03-16,Sad
2025-03-16,Sad
2025-03-16,Sad
2025-03-16,Sad
2025-03-16,Sad
2025-03-16,Sad
2025-03-16,Sad
2025-03-16,Sad
2025-03-16,Sad
2025-03-16,Sad
2025-03-16,Sad
2025-03-16,Sad
2025-03-16,Sad
2025-03-16,Sad
2025-03-16,Sad
